# St. Lawrence River water quality at site-level summary (filtered extract),,,,,,,,,,,,,,
# Prepared for INTEG 275 Final AI-for-Science Challenge from Environment and Climate Change Canada's,,,,,,,,,,,,,,
# National Long-term Water Quality Monitoring Data: https://open.canada.ca/data/en/dataset/67b44816-9764-4609-ace1-68dc1764e9ea,,,,,,,,,,,,,,
# Each row is one monitoring site. Values are the MEDIAN of all available measurements at that site,,,,,,,,,,,,,,
# (2000-2026) for each variable restricted to the 10 core physical-chemical variables with the,,,,,,,,,,,,,,
# widest and most reliable coverage across sites.,,,,,,,,,,,,,,
#,,,,,,,,,,,,,,
# Column notes:,,,,,,,,,,,,,,
#   n_years,number of distinct calendar years with at least one core-variable measurement at this site,,,,,,,,,,,,,
#   year_min/year_max,first and last year of those measurements,,,,,,,,,,,,,
#   n_observations,total number of core-variable readings the medians below are based on (bigger = more reliable),,,,,,,,,,,,,
#   temperature_degC, pH, turbidity_NTU, *_mgL, *_ugL  see units in column name; phosphorus_total_mgL,,,,,,,,,,
"#   and orthophosphate_dissolved_mgL_P are reported ""as P"" (phosphorus); ammonia_dissolved_mgL_N",,,,,,,,,,,,,,
"#   is reported ""as N"" (nitrogen) matching the original source file's convention.",,,,,,,,,,,,,,
#   Missing values (blank cells) mean that variable was not measured often enough at that site to include,,,,,,,,,,,,,,
#   a reliable median; check for these before analysis.,,,,,,,,,,,,,,
,,,,,,,,,,,,,,
site_id,n_years,year_min,year_max,n_observations,temperature_degC,pH,turbidity_NTU,total_suspended_solids_mgL,phosphorus_total_mgL,nitrogen_total_mgL,ammonia_dissolved_mgL_N,orthophosphate_dissolved_mgL_P,dissolved_organic_carbon_mgL,chlorophyll_a_ugL
ON02MC0032,2,2022,2023,109,10.8,8.13,0.5,1,0.008,0.42,0.006,0.002,2.36,0.855
QU02LB9001,22,2004,2026,3231,9.8,7.47,5.2,5,0.02,0.53,0.05,0.006,6.5,1.26
QU02NG3013,15,2006,2020,1498,5.9,7.365,1.6,4,0.013,0.32,0.016,0.004,6.24,0.91
QU02NG3020,12,2009,2020,1121,5.25,7.105,0.5,1.1,0.007,0.27,0.006,0.003,5.645,0.435
QU02OA0125,5,2022,2026,394,11.6,7.79,7.4,8,0.099,1.33,0.079,0.068,6.18,1.65
QU02OA0206,1,2022,2022,59,18.1,8.245,1.6,2,0.01,0.405,0.005,0.002,2.525,1.97
QU02OA0207,5,2022,2026,197,18.5,7.7,2.9,5,0.036,1.06,0.339,0.003,4.5,1.39
QU02OB9004,20,2006,2026,2261,8.3,7.54,12.2,22,0.043,0.92,0.109,0.012,6.2,1.385
QU02OC3000,1,2022,2022,60,22.45,7.605,32.7,35,0.071,0.865,0.005,0.006,6.39,5.24
QU02OD3004,15,2005,2019,1704,22.8,8.235,10.6,12,0.047,1,0.015,0.007,6.68,6.455
QU02OD9009,15,2006,2020,2115,9,7.935,12.05,21.9,0.039,0.79,0.033,0.01,4.2,2.08
QU02OD9039,3,2022,2024,137,18.25,7.72,9.2,18,0.046,1.23,0.028,0.004,6.85,5.33
QU02OF3004,15,2005,2019,1695,22.15,8.02,5.6,9,0.03,0.8,0.018,0.004,7.035,4.12
QU02OF3005,5,2022,2026,156,11.45,7.66,3.6,7,0.023,0.96,0.031,0.005,7.9,1.1
QU02OG3007,15,2005,2019,1784,22.5,8.32,38,39.9,0.108,1.81,0.014,0.02,6.94,24.68
QU02OG3009,3,2007,2010,132,21.1,7.97,5.8,5,0.059,1.74,0.189,,,4.42
QU02OJ0052,18,2006,2026,2092,7.75,7.85,9.8,21,0.037,0.69,0.051,0.012,3.515,2
QU02OJ0055,2,2009,2010,105,18.65,8.08,29.95,33.3,0.22,1.46,0.156,,,4.74
QU02OJ0059,3,2024,2026,98,19.5,7.99,8.7,9,0.101,0.76,0.057,0.034,3.44,10.2
QU02PH9024,25,2000,2026,3495,11.7,7.96,8.55,12,0.03,0.63,0.031,0.009,3.715,1.34
QU02PH9065,1,2022,2022,60,18.15,8.025,5.05,10.5,0.021,0.52,0.018,0.004,3.715,2.78
QU02PK9000,1,2022,2022,58,19.3,8.03,3.7,5.5,0.022,0.785,0.008,0.003,5.615,2.28
QU03ED9402,4,2008,2011,53,5.15,8.075,,8.9,0.014,,0.007,0.004,4.88,
QU03KE0002,3,2009,2011,21,3.8,7.575,,3.8,0.009,,0.006,0.002,3.05,
